id,first_name,last_name,gender
1,Denna,McVittie,Female
2,Chadd,Czajkowski,Male
3,Tuesday,Gumn,Female
4,Jillie,MacCrossan,Female
5,Ariana,Dutton,Bigender
6,Waylon,Cromett,Male
7,Mickey,Woodcock,Male
8,Linette,Yates,Female
9,Konrad,Whyffen,Male
10,Osbourne,Cheng,Male
11,Allyson,Sapauton,Female
12,Orsa,Fautly,Female
13,Karlis,Stroud,Male
14,Trixi,Siddaley,Female
15,Pris,Rumsey,Female
16,Jude,Checchi,Male
17,Marleen,Aughton,Female
18,Gayleen,Sugden,Female
19,Elaina,Whitcombe,Female
20,Cassandra,Dell'Abbate,Female
21,Gerrie,Reymers,Male
22,Gates,Esmond,Female
23,Hagen,Dossantos,Polygender
24,Robinetta,Aizikovitz,Female
25,Elwira,Baser,Female
26,Rori,Baddeley,Genderfluid
27,Aloysius,Gookey,Male
28,Adelice,McArtan,Female
29,Karalee,Howerd,Female
30,Feodora,Schwant,Female
31,Oran,Oxby,Male
32,Kile,Fitzpatrick,Male
33,Weider,Ambler,Male
34,Codie,Minifie,Male
35,Maison,Aberkirder,Male
36,Chelsie,Sandars,Genderfluid
37,Denny,Furnell,Male
38,Dominique,Grayston,Non-binary
39,Nye,Giraldon,Male
40,Rosa,Chadwyck,Female
41,Chick,Webburn,Male
42,Durand,Rounds,Male
43,Launce,Strooband,Male
44,Aloysia,Sellack,Female
45,Thorvald,Rouzet,Male
46,Dur,Greenalf,Male
47,Colet,Duffell,Male
48,Magdalena,Ramage,Female
49,Elnar,Dusting,Male
50,Corey,Jorry,Male
